acousticness,danceability,energy,log_instrumentalness,log_liveness,log_speechiness,valence
0.922,0.438,0.266,-8.115066984573588,-1.910536248484092,-3.3159099898814106,0.116
0.85,0.436,0.358,-2.818406508305107,-1.6607259436776065,-1.262304847776238,0.333
0.271,0.589,0.507,-13.815510557964274,-1.093621762086899,-2.7165714036458914,0.33
0.196,0.789,0.588,-13.815510557964274,-2.5083677210368176,-2.485294725079476,0.234
0.0442,0.551,0.449,-4.989216326722956,-2.487698543498795,-2.753555017940114,0.392
0.0529,0.701,0.812,-13.815510557964274,-1.6450599087435245,-2.956492329816388,0.732
0.149,0.778,0.642,-13.815510557964274,-2.244306750952305,-1.9877670539105785,0.786
0.0159,0.773,0.86,-13.815510557964274,-1.4439192366773688,-2.040213136248448,0.715
0.0982,0.554,0.61,-2.510827716619401,-0.5780325909298349,-2.52072866506362,0.497
0.453,0.89,0.523,-12.867721159030747,-2.487698543498795,-2.882385731263568,0.345
0.522,0.623,0.296,-1.5558924061808084,-2.524466940591246,-3.4705153059730525,0.158
0.253,0.79,0.58,-13.815510557964274,-1.5050733926154984,-2.087465648893489,0.36
0.0119,0.876,0.473,-13.815510557964274,-2.518244222598629,-2.23491709876951,0.189
0.0964,0.299,0.472,-10.11420858385178,-1.546458418448052,-3.2968103396761093,0.223
0.905,0.641,0.438,-8.910235779525845,-2.2256147926415246,-2.0249457806668865,0.343
0.228,0.798,0.341,-9.830237090796537,-1.5798742558354064,-3.0597162817955925,0.393
0.231,0.63,0.437,-13.815510557964274,-2.424741427597063,-2.079433541711836,0.455
0.315,0.637,0.494,-12.212090717855736,-2.1370621799761103,-3.332576579384368,0.416
0.0495,0.605,0.885,-13.815510557964274,-1.9038022616498036,-2.52571614438638,0.643
0.0192,0.795,0.693,-6.683812047497363,-2.6324651061460127,-2.320738880374177,0.772
0.175,0.743,0.548,-8.617013526698448,-2.4304071009321326,-2.3570307191837663,0.558
0.501,0.517,0.336,-13.815510557964274,-1.995093040331941,-0.4447242620002813,0.317
0.101,0.573,0.714,-9.04482593349861,-1.1457007515528166,-1.298279820800223,0.711
0.355,0.567,0.666,-12.226275352847694,-2.2163982224831504,-2.7757778019531854,0.571
0.933,0.543,0.327,-13.018003362080083,-0.3783349808669626,-2.77257272236778,0.291
0.965,0.763,0.494,-6.359056002788065,-1.7544579041542434,-3.0220557152235066,0.347
0.366,0.65,0.462,-13.815510557964274,-1.838844787473507,-2.419107673358064,0.649
0.212,0.776,0.445,-5.498965840034876,-2.087465648893489,-3.2941113555541075,0.405
0.225,0.83,0.585,-6.17011285853564,-2.854215350319883,-3.307679716543695,0.642
0.624,0.571,0.37,-13.815510557964274,-0.4124882124722515,-2.154156467223275,0.918
0.458,0.294,0.375,-4.448080970745316,-2.343396670901887,-3.11224361815232,0.264
0.47,0.583,0.677,-1.6450599087435245,-0.8439677447158378,-0.8232535880052322,0.495
0.828,0.347,0.395,-11.364505459851957,-2.079433541711836,-2.869963431719652,0.133
0.105,0.76,0.665,-0.91879135582975,-2.359144862527847,-2.79359174972807,0.808
0.824,0.448,0.263,-12.747357476780872,-2.244306750952305,-3.288735143040265,0.451
0.436,0.579,0.596,-2.366579762045976,-2.9022237156962944,-2.8806016413004123,0.443
0.781,0.818,0.522,-8.408338786504155,-1.3355974445302323,-2.366579762045976,0.559
0.106,0.457,0.575,-13.815510557964274,-0.7011773361302097,-1.8578928614967356,0.422
0.65,0.523,0.543,-13.815510557964274,-1.3586753030439038,-1.8578928614967356,0.318
0.00372,0.675,0.5,-5.9215654197283145,-2.17154805869629,-2.9642142268374454,0.0709
0.269,0.561,0.247,-11.701667589567103,-2.0249457806668865,-1.1177920499855842,0.288
0.928,0.394,0.282,-13.815510557964274,-1.0729416179471984,-3.304951276336428,0.296
0.277,0.432,0.52,-0.9915505209605447,-1.9804943474743757,-2.9040468370194805,0.303
0.766,0.446,0.409,-13.815510557964274,-2.417984721223798,-2.9058732881856577,0.348
0.765,0.691,0.389,-13.815510557964274,-2.363386605454708,-3.304951276336428,0.306
0.382,0.491,0.375,-13.815510557964274,-2.273016582061767,-1.6094329124466005,0.19
0.151,0.693,0.586,-7.667042262046627,-2.1982160687013748,-3.3186685362225634,0.509
0.272,0.666,0.39,-11.474666752853135,-2.1982160687013748,-2.479310338391075,0.325
0.449,0.876,0.288,-7.831574277277084,-1.2039694709981583,-1.136311040592176,0.279
0.00607,0.811,0.554,-7.461140517166924,-2.334065440221226,-3.201502616810856,0.119
0.0886,0.646,0.633,-13.815510557964274,-2.154156467223275,-2.64365387757424,0.505
0.81,0.676,0.462,-3.554313596732628,-1.5050733926154984,-3.2968103396761093,0.369
0.354,0.81,0.308,-13.815510557964274,-2.409046214095905,-2.5034658105092844,0.56
0.841,0.321,0.317,-6.057177090473363,-2.353867861121208,-3.072591719851049,0.253
0.281,0.668,0.815,-13.815510557964274,-1.3983628937793593,-1.532472241679059,0.885
0.314,0.627,0.81,-13.815510557964274,-0.6051344717370776,-1.25877751970037,0.637
0.709,0.603,0.511,-3.789761125895191,-1.5417745910740073,-3.0682814612437195,0.142
0.0023,0.803,0.452,-13.815510557964274,-2.5996308683987923,-3.2648935857017745,0.197
0.414,0.667,0.591,-13.815510557964274,-1.8515031042273624,-3.411217414944481,0.434
0.164,0.884,0.474,-13.815510557964274,-3.186868566233221,-2.2633547645023766,0.744
0.456,0.84,0.344,-10.271656875900597,-1.0498192673599025,-3.286057836951189,0.526
0.536,0.67,0.711,-6.508308243199536,-1.4188134206025833,-2.877042982004892,0.509
0.856,0.531,0.352,-11.442467001321669,-2.44068691413333,-1.1551794655583685,0.537
0.177,0.657,0.519,-13.815510557964274,-2.547194904674852,-1.3280216794181292,0.291
0.554,0.356,0.44,-12.306998564120134,-0.5960186549488367,-2.89677420992115,0.125
0.112,0.701,0.396,-3.8679582742660457,-1.50057902322714,-2.1286233825445717,0.115
0.191,0.724,0.343,-0.5816040169198722,-2.2633547645023766,-3.040708719201465,0.176
0.61,0.513,0.822,-12.664938530365454,-0.4185488279011357,-0.8096787496274106,0.569
0.206,0.581,0.452,-5.716563809020935,-2.4292713953666243,-1.8971133182414368,0.523
0.0471,0.572,0.498,-12.080321440224614,-1.3983628937793593,-0.8416448686954661,0.549
0.605,0.672,0.472,-13.815510557964274,-2.3870433682868795,-1.4105829553366778,0.395
0.173,0.645,0.786,-13.815510557964274,-1.9877670539105785,-1.6713079970173983,0.452
0.161,0.599,0.449,-10.497694785241167,-2.23491709876951,-2.939333036704872,0.143
0.346,0.881,0.758,-1.9732741516327192,-1.5798742558354064,-1.5606429863712443,0.7
0.26,0.676,0.554,-9.915560133770397,-2.3025750930440454,-2.620025587610102,0.43
0.556,0.39,0.661,-13.815510557964274,-1.3318023879642071,-2.806749617887031,0.487
0.275,0.761,0.336,-13.815510557964274,-2.629687365161896,-2.009908016372504,0.447
0.902,0.479,0.364,-9.40879131070002,-2.292624861199793,-2.8034438843928537,0.372
0.33,0.736,0.449,-8.721760357157512,-2.410159167878525,-0.855663757119312,0.326
0.777,0.535,0.409,-13.815510557964274,-2.047935122712526,-2.459227207201386,0.138
0.00183,0.506,0.746,-13.815510557964274,-2.2163982224831504,-3.483460051629581,0.299
0.125,0.743,0.449,-13.815510557964274,-2.689704516985435,-1.4481655095278831,0.622
0.124,0.781,0.683,-5.888547013101296,-2.103726037561162,-2.697095424378688,0.586
0.733,0.676,0.442,-13.815510557964274,-1.8971133182414368,-3.307679716543695,0.739
0.348,0.684,0.467,-13.102560750108148,-2.063560318538798,-0.6424521651055498,0.443
0.287,0.732,0.413,-13.815510557964274,-2.873496941871325,-2.6563927230375857,0.761
0.476,0.387,0.419,-6.324981155903562,-2.103726037561162,-1.698263661674772,0.337
0.723,0.357,0.533,-13.815510557964274,-2.292624861199793,-2.554887151678483,0.318
0.547,0.706,0.483,-12.737100976613684,-1.995093040331941,-3.2365053151380265,0.663
0.242,0.668,0.546,-13.815510557964274,-1.944903655739688,-2.5269669106436723,0.488
0.355,0.726,0.296,-13.815510557964274,-2.189247479155473,-3.2365053151380265,0.148
0.259,0.582,0.502,-7.877974352881847,-1.8325752137678413,-2.282772661824356,0.555
0.84,0.778,0.291,-9.393062008791476,-0.4155139288112984,-2.244306750952305,0.353
0.808,0.654,0.563,-5.310187539118524,-1.995093040331941,-2.6324651061460127,0.495
0.867,0.827,0.468,-11.897118437802852,-2.336131535314725,-2.3740703536182406,0.529
0.732,0.476,0.44,-3.77221758573727,-2.5600483868618302,-3.2941113555541075,0.161
0.181,0.649,0.509,-7.329349769020185,-0.070421391335748,-2.7196016630819786,0.223
0.0163,0.763,0.444,-13.815510557964274,-0.8746666591046763,-2.7661932171509256,0.564
0.162,0.543,0.281,-5.728792637660368,-1.944903655739688,-2.77097402656278,0.0686
0.528,0.631,0.474,-13.815510557964274,-2.063560318538798,-3.177230169649569,0.392
0.65,0.609,0.418,-13.815510557964274,-2.207265822321952,-1.5417745910740073,0.231
0.199,0.666,0.326,-13.815510557964274,-2.307587584616837,-3.4705153059730525,0.259
0.314,0.633,0.604,-6.096380717057542,-1.7429635907892351,-3.249309259489156,0.418
0.83,0.619,0.294,-9.84899936725206,-2.273016582061767,-3.4899958090210035,0.311
0.504,0.756,0.426,-3.233964082289674,-2.425871997185327,-2.5969427308679167,0.355
0.53,0.51,0.434,-13.815510557964274,-2.3444388696184357,-3.1844502438532136,0.214
0.347,0.655,0.554,-2.292624861199793,-2.103726037561162,-2.95841722117318,0.696
0.606,0.551,0.44,-10.375092463148835,-2.207265822321952,-2.317688578571364,0.341
0.0716,0.598,0.475,-9.279690450110976,-2.69117833488202,-2.948829603867772,0.331
0.853,0.51,0.363,-13.815510557964274,-2.2163982224831504,-3.493279776374139,0.426
0.00368,0.531,0.619,-10.834891922220333,-2.3946894170496846,-2.6036766723557605,0.566
0.0128,0.846,0.424,-13.815510557964274,-2.1455727972123597,-2.5982858963732034,0.615
0.0962,0.826,0.709,-7.343164263463374,-0.9238164794064314,-3.299516628031858,0.956
0.897,0.473,0.424,-8.902855672228222,-2.12025520290148,-3.174835016292612,0.457
0.964,0.699,0.0752,-3.3159099898814106,-2.244306750952305,-1.4784052640724024,0.481
0.459,0.711,0.747,-13.815510557964274,-2.346526531257028,-2.9507397876351624,0.852
0.341,0.756,0.517,-10.490474537267684,-2.273016582061767,-2.306583074281344,0.267
0.502,0.603,0.433,-12.991335114997923,-2.055717202593037,-3.090020975244768,0.207
0.89,0.562,0.212,-8.262550973042657,-2.421357367786159,-3.3297794530047065,0.349
0.0778,0.638,0.53,-1.093621762086899,-2.273016582061767,-2.273016582061767,0.548
0.0588,0.612,0.55,-13.815510557964274,-2.397984276759105,-2.9318001862602583,0.095
0.443,0.501,0.481,-13.815510557964274,-2.409046214095905,-2.3444388696184357,0.446
0.0888,0.575,0.681,-13.815510557964274,-1.5186789829660157,-2.063560318538798,0.232
0.39,0.606,0.275,-13.815510557964274,-2.0024730931637347,-3.547345170220817,0.19
0.209,0.552,0.883,-12.038864726546269,-2.3946894170496846,-3.338194413883422,0.745
0.457,0.617,0.456,-13.815510557964274,-2.3935935385386777,-3.066133278853315,0.134
0.106,0.641,0.456,-13.815510557964274,-1.3280216794181292,-2.767784282067884,0.308
0.285,0.73,0.429,-13.815510557964274,-2.3957864978280625,-2.3687142117949778,0.239
0.858,0.474,0.229,-13.815510557964274,-2.207265822321952,-3.414252226535956,0.289
0.257,0.471,0.524,-13.815510557964274,-0.4572832770603777,-2.543370856981598,0.423
0.272,0.57,0.536,-3.4419881266706813,-1.0788067201997846,-2.89677420992115,0.443
0.0807,0.39,0.534,-13.815510557964274,-1.6928140866053112,-2.6464707411711657,0.244
0.066,0.665,0.57,-12.434228738667928,-2.49858781154388,-3.378428569609454,0.396
0.00118,0.795,0.705,-5.023568569508155,-1.995093040331941,-2.6380438433659927,0.482
0.755,0.691,0.354,-9.4993566674411,-2.16281445500452,-2.7854551407467047,0.457
0.146,0.433,0.53,-13.815510557964274,-2.189247479155473,-1.070021916368552,0.38
0.544,0.563,0.678,-12.965359628594664,-2.1455727972123597,-3.0057624075913485,0.568
0.151,0.476,0.525,-6.691837772759667,-2.461569101223796,-2.4949448645028416,0.313
0.549,0.849,0.19,-6.078766875510778,-2.282772661824356,-3.107759406248196,0.203
0.591,0.617,0.604,-7.1927742340144345,-1.0966112919979427,-3.366766969857648,0.855
0.0659,0.788,0.427,-10.196517231314504,-1.76608587454336,-1.1776522492605863,0.603
0.025,0.789,0.628,-9.86042806307568,-0.4557047472590887,-3.066133278853315,0.401
0.404,0.699,0.791,-13.815510557964274,-2.605028919319805,-0.7657157228594588,0.356
0.41,0.553,0.441,-12.542944962172726,-2.23491709876951,-2.388132088168836,0.525
0.476,0.596,0.462,-2.8455724035684327,-2.189247479155473,-2.831897210540027,0.655
0.2,0.703,0.599,-13.815510557964274,-0.8486297469544717,-2.292624861199793,0.851
0.0529,0.855,0.419,-13.815510557964274,-2.352815794238969,-1.5750316548105625,0.348
0.261,0.634,0.455,-12.737100976613684,-1.4696716222423063,-1.6347505922264112,0.221
0.00759,0.618,0.742,-13.815510557964274,-2.009908016372504,-1.032821739145288,0.533
0.545,0.479,0.362,-8.50724286056307,-0.6462616862659692,-2.8200829265281007,0.48
0.159,0.783,0.479,-13.815510557964274,-2.6036766723557605,-1.7544579041542434,0.317
0.033,0.76,0.497,-13.815510557964274,-2.424741427597063,-1.9173158895054507,0.205
0.863,0.415,0.279,-11.266065387038704,-1.1488503505356995,-3.239053022307018,0.246
0.71,0.758,0.337,-10.799975657114103,-1.8018037444938613,-3.007784612078165,0.368
0.36,0.6,0.619,-10.029050775511474,-2.244306750952305,-1.5994826310981365,0.308
0.355,0.633,0.459,-11.176453228349017,-2.6380438433659927,-3.1099989986828134,0.255
0.195,0.678,0.569,-13.815510557964274,-2.2163982224831504,-2.6036766723557605,0.127
0.048,0.521,0.528,-13.815510557964274,-2.5294731462132383,-1.2729621043906936,0.395
0.717,0.649,0.646,-10.850237491894992,-2.3740703536182406,-3.1280986308101326,0.528
0.201,0.738,0.379,-11.330603908176274,-2.518244222598629,-2.47692657544778,0.598
0.844,0.475,0.149,-13.815510557964274,-1.9661057135412,-3.231429290939821,0.318
0.334,0.826,0.595,-5.689583755256388,-2.189247479155473,-3.196600766354524,0.484
0.695,0.546,0.272,-13.815510557964274,-2.207265822321952,-1.5558924061808084,0.356
0.428,0.617,0.378,-9.28722141631214,-2.207265822321952,-3.4577359876226983,0.22
0.362,0.598,0.53,-12.639937228160036,-1.061313613755179,-2.9431208482827813,0.2
0.00418,0.638,0.679,-13.815510557964274,-1.2693970509358623,-2.0714654355542166,0.232
0.33,0.519,0.58,-2.8559529400257118,-2.1803586107514312,-3.12581818011717,0.692
0.226,0.777,0.308,-13.815510557964274,-2.2163982224831504,-3.4609155394412805,0.634
0.129,0.613,0.488,-10.710923879498202,-1.093621762086899,-2.3392387039754574,0.183
0.0928,0.716,0.342,-6.652338167117632,-2.207265822321952,-3.076920637240832,0.372
0.224,0.619,0.71,-7.834096346709793,-1.5232556290476058,-2.67944816709707,0.313
0.0294,0.604,0.525,-11.687278852115004,-1.0966112919979427,-2.009908016372504,0.5
0.725,0.738,0.549,-5.701485115607517,-2.2256147926415246,-1.2039694709981583,0.27
0.148,0.722,0.582,-12.515318895897796,-3.123542918049409,-0.9088162356489544,0.892
0.298,0.648,0.651,-3.641957701004532,-1.378322223224619,-2.307587584616837,0.232
0.482,0.746,0.339,-11.134489029249984,-2.479310338391075,-1.9379350349858049,0.291
0.704,0.589,0.652,-7.50377574881136,-2.079433541711836,-0.986174178376768,0.486
0.0292,0.748,0.457,-8.128535201624453,-0.8119284643001964,-3.0682814612437195,0.464
0.0274,0.718,0.434,-1.845153916861275,-2.4349628655798337,-2.869963431719652,0.78
0.617,0.551,0.301,-11.330603908176274,-1.995093040331941,-2.1982160687013748,0.488
0.22,0.513,0.395,-7.060906458476312,-1.951921179152152,-3.3902277684735687,0.389
0.633,0.569,0.414,-13.815510557964274,-2.390313090331075,-2.579643793808696,0.35
0.586,0.649,0.493,-8.691546578561015,-2.707535333669197,-2.207265822321952,0.277
0.127,0.776,0.83,-13.815510557964274,-1.8325752137678413,-2.7196016630819786,0.662
0.54,0.514,0.406,-7.167822184400944,-2.3507149751976004,-2.458058313659687,0.46
0.386,0.617,0.5,-5.25698350305506,-2.23491709876951,-3.3813653430337878,0.516
0.0766,0.804,0.425,-13.815510557964274,-2.3392387039754574,-1.8773108216633485,0.494
0.239,0.724,0.492,-6.443392529626487,-2.4429857392971392,-3.4172962762519044,0.184
0.0509,0.703,0.742,-7.35874090239211,-0.4700020292470155,-3.0922211477456947,0.812
0.462,0.759,0.404,-6.577732366040832,-2.4757368214675064,-3.015914572916489,0.581
0.164,0.772,0.474,-11.796615516152473,-0.9834968077743884,-3.066133278853315,0.81
0.468,0.59,0.465,-13.815510557964274,-2.1982160687013748,-2.882385731263568,0.313
0.183,0.652,0.678,-10.300984490995116,-2.244306750952305,-2.916902609012179,0.28
0.266,0.776,0.634,-13.815510557964274,-2.0714654355542166,-2.310607184096958,0.662
0.31,0.355,0.298,-5.929053286986585,-1.687394048513016,-2.8455724035684327,0.0714
0.217,0.559,0.418,-13.815510557964274,-1.9038022616498036,-0.6851770267857527,0.107
0.0203,0.351,0.644,-13.815510557964274,-2.375145033198519,-1.687394048513016,0.184
0.217,0.671,0.303,-8.431015495175185,-2.2163982224831504,-2.7196016630819786,0.306
0.853,0.703,0.237,-0.4732071550595355,-2.381617477882239,-2.9058732881856577,0.179
0.524,0.445,0.468,-7.070274208479912,-2.189247479155473,-2.6563927230375857,0.444
0.135,0.62,0.681,-13.815510557964274,-2.1803586107514312,-1.1711797557016963,0.644
0.376,0.702,0.525,-2.707535333669197,-2.1286233825445717,-3.464105233064595,0.515
0.165,0.708,0.461,-7.047017346315645,-2.447599304417486,-3.547345170220817,0.592
0.552,0.487,0.458,-3.6612253773321206,-2.1455727972123597,-3.2941113555541075,0.207
0.00118,0.795,0.705,-5.023568569508155,-1.995093040331941,-2.6380438433659927,0.482
0.0366,0.777,0.755,-6.636965074200575,-2.2256147926415246,-2.1982160687013748,0.411
0.801,0.487,0.322,-13.815510557964274,-2.207265822321952,-3.4234123162333128,0.404
0.851,0.632,0.274,-13.815510557964274,-2.2256147926415246,-3.438868096683425,0.146
0.411,0.738,0.288,-13.815510557964274,-2.23491709876951,-3.405175283031379,0.311
0.748,0.688,0.425,-5.206467712918157,-2.292624861199793,-3.611881376626625,0.179
0.025,0.826,0.47,-5.692545842730214,-2.3025750930440454,-3.372580770716277,0.541
0.578,0.559,0.531,-12.228318254477491,-1.102617298021992,-2.358087232155651,0.39
0.0683,0.658,0.623,-13.815510557964274,-1.136311040592176,-3.2238632413792474,0.207
0.73,0.655,0.351,-8.639360825390446,-1.2344285753904325,-1.8773108216633485,0.316
0.504,0.832,0.64,-13.815510557964274,-2.44068691413333,-2.5010238366702926,0.846
0.579,0.498,0.449,-13.815510557964274,-1.6554766153471183,-3.270142803812532,0.256
0.79,0.693,0.278,-13.815510557964274,-1.0051192133440665,-2.17154805869629,0.862
0.232,0.69,0.406,-12.75772026381642,-1.93101464003362,-2.244306750952305,0.507
0.562,0.673,0.635,-7.457668291456175,-2.273016582061767,-3.040708719201465,0.419
0.013,0.584,0.407,-10.53084699255807,-1.4439192366773688,-3.713131163916228,0.35
0.738,0.651,0.291,-13.815510557964274,-2.16281445500452,-3.4234123162333128,0.302
0.887,0.559,0.157,-13.815510557964274,-2.23491709876951,-3.1844502438532136,0.348
0.255,0.785,0.27,-6.629366253441949,-2.3507149751976004,-2.4168630286966817,0.12
0.439,0.834,0.586,-2.488902623065347,-2.282772661824356,-3.6230542610937655,0.878
0.0821,0.6,0.446,-13.815510557964274,-2.23491709876951,-0.5025251680600996,0.555
0.0914,0.656,0.514,-13.815510557964274,-2.847295027205038,-2.7000671506113725,0.818
0.0957,0.803,0.569,-13.815510557964274,-2.32686753971394,-2.6521283848673485,0.26
0.638,0.506,0.601,-13.815510557964274,-2.047935122712526,-2.327892644620676,0.648
0.432,0.759,0.374,-9.12416267573513,-2.639443404132435,-2.23491709876951,0.562
0.268,0.671,0.374,-3.9685404482633175,-1.1270086767748175,-2.079433541711836,0.519
0.0558,0.82,0.509,-4.0173279670735695,-1.0244301049824176,-3.1724455859903933,0.762
0.388,0.724,0.269,-13.815510557964274,-2.5157659372940486,-3.0878256328776903,0.866
0.184,0.739,0.668,-13.815510557964274,-2.4429857392971392,-1.402419678017386,0.742
0.812,0.505,0.198,-11.100815814143395,-1.9732741516327192,-3.5065245645421914,0.158
0.808,0.389,0.533,-13.815510557964274,-1.4229541961224974,-1.3902983664612367,0.257
0.358,0.565,0.508,-11.876768898387573,-2.1803586107514312,-2.23491709876951,0.372
0.208,0.864,0.682,-11.979734203319444,-2.3025750930440454,-0.9519153188470868,0.268
0.455,0.562,0.47,-13.815510557964274,-2.1803586107514312,-2.635250584472426,0.271
0.84,0.607,0.157,-9.78481602281863,-2.047935122712526,-3.378428569609454,0.15
0.334,0.57,0.43,-12.986958740398126,-2.1982160687013748,-3.2968103396761093,0.156
0.152,0.683,0.547,-13.815510557964274,-1.676641314548266,-2.769377882507128,0.102
0.00234,0.745,0.579,-13.815510557964274,-2.244306750952305,-2.981809644713634,0.624
0.638,0.738,0.549,-0.9113007028040208,-2.1982160687013748,-2.970045033818015,0.475
0.0146,0.624,0.453,-13.815510557964274,-1.783785347215641,-2.7519864147730373,0.356
0.114,0.556,0.789,-13.815510557964274,-2.9680976514573505,-3.280724633195268,0.37
0.0145,0.665,0.537,-6.302893013289763,-2.7135502989478075,-2.0249457806668865,0.836
0.277,0.649,0.878,-1.8201527709292984,-0.8580194652623946,-3.15119381218135,0.645
0.809,0.549,0.242,-9.40879131070002,-2.063560318538798,-3.270142803812532,0.286
0.708,0.395,0.409,-10.970601174144866,-2.320738880374177,-2.882385731263568,0.193
0.853,0.569,0.319,-8.791630037117997,-2.055717202593037,-3.58628676535744,0.32
0.46,0.548,0.558,-13.815510557964274,-2.5408295918434955,-1.482800856224094,0.7
0.0501,0.9,0.4,-13.815510557964274,-2.4349628655798337,-2.087465648893489,0.338
0.71,0.573,0.265,-13.815510557964274,-1.354791818099039,-3.358109156982385,0.225
0.0273,0.711,0.778,-12.796663237765028,-2.273016582061767,-2.41127336170751,0.827
0.721,0.41,0.298,-13.815510557964274,-1.845153916861275,-3.0512238420586826,0.142
0.525,0.428,0.443,-10.89234897724512,-1.5186789829660157,-2.292624861199793,0.2
0.237,0.616,0.567,-13.815510557964274,-2.23491709876951,-1.9589882964305367,0.423
0.666,0.692,0.57,-13.815510557964274,-2.23491709876951,-1.687394048513016,0.309
0.575,0.385,0.473,-10.421002164452917,-2.040213136248448,-2.95841722117318,0.0575
0.211,0.763,0.523,-13.815510557964274,-1.7259661107283046,-2.3762208689576303,0.499
0.753,0.574,0.369,-13.815510557964274,-1.9173158895054507,-2.5083677210368176,0.44
0.524,0.637,0.242,-13.815510557964274,-1.589630383189151,-2.970045033818015,0.281
0.0815,0.354,0.542,-7.763421389039857,-2.407934497602489,-2.12025520290148,0.0483
0.388,0.611,0.651,-13.815510557964274,-2.16281445500452,-1.9804943474743757,0.719
0.132,0.428,0.367,-13.815510557964274,-1.9038022616498036,-2.392498859662847,0.174
0.0988,0.852,0.549,-12.961095229808206,-2.103726037561162,-1.1488503505356995,0.666
0.0346,0.458,0.239,-13.815510557964274,-2.507139988871945,-2.815062079509267,0.31
0.449,0.771,0.436,-13.815510557964274,-2.2633547645023766,-0.9728584378634032,0.405
0.151,0.519,0.765,-13.815510557964274,-2.189247479155473,-1.1300998597890408,0.337
0.11,0.724,0.675,-8.364472104398574,-2.462742108126544,-1.910536248484092,0.544
0.223,0.438,0.54,-13.815510557964274,-1.9589882964305367,-2.95841722117318,0.389
0.0751,0.595,0.44,-13.815510557964274,-1.0498192673599025,-2.5996308683987923,0.656
0.793,0.588,0.448,-0.5673942115875099,-2.3740703536182406,-2.90953622885742,0.547
0.00103,0.665,0.712,-5.704482719770595,-2.282772661824356,-2.9431208482827813,0.669
0.593,0.449,0.244,-9.691607193500628,-2.425871997185327,-1.6245464741149,0.262
0.191,0.693,0.694,-7.006471251921295,-0.7153907445195811,-3.0944261716816115,0.554
0.242,0.585,0.603,-13.815510557964274,-2.1803586107514312,-2.4533963548892563,0.599
0.242,0.636,0.419,-12.562747589468906,-2.388132088168836,-2.9150559205222373,0.175
0.803,0.448,0.328,-9.26796948481282,-1.0584276171950502,-3.34952565888766,0.209
0.44,0.78,0.495,-6.70808508385357,-1.8018037444938613,-3.066133278853315,0.529
0.183,0.724,0.603,-7.66277786326017,-2.355975321253589,-3.4514070528551337,0.569
0.0822,0.748,0.472,-13.815510557964274,-2.946923061946915,-2.8877571788886933,0.605
0.00346,0.453,0.427,-10.839980991727804,-2.4349628655798337,-3.429565992462612,0.24
0.626,0.646,0.335,-11.176453228349017,-2.23491709876951,-1.3983628937793593,0.419
0.388,0.705,0.433,-2.009908016372504,-2.4757368214675064,-1.589630383189151,0.602
0.489,0.476,0.509,-13.815510557964274,-2.040213136248448,-2.0714654355542166,0.325
0.108,0.793,0.445,-13.815510557964274,-3.030303014604186,-3.554313596732628,0.296
0.741,0.486,0.419,-9.61231159083009,-2.343396670901887,-2.877042982004892,0.227
0.137,0.632,0.548,-13.815510557964274,-2.244306750952305,-2.4745484813198204,0.596
0.376,0.392,0.548,-8.881036624833582,-2.47692657544778,-2.292624861199793,0.162
0.0824,0.644,0.522,-13.815510557964274,-2.103726037561162,-3.600831947425456,0.477
0.136,0.582,0.491,-13.815510557964274,-1.737265602141945,-3.096636068494876,0.695
0.274,0.654,0.47,-1.3902983664612367,-2.273016582061767,-2.8370035176983563,0.462
0.0138,0.571,0.548,-0.4877587221718257,-1.7315998967067534,-0.9755074390177504,0.488
0.61,0.452,0.447,-13.815510557964274,-2.382700303295834,-0.6971531939273717,0.461
0.85,0.634,0.402,-11.695647101785523,-2.69117833488202,-3.464105233064595,0.248
0.704,0.34,0.491,-13.815510557964274,-1.7315998967067534,-3.4545665133203607,0.298
0.174,0.821,0.769,-6.858013187087323,-2.4745484813198204,-2.336131535314725,0.661
0.756,0.638,0.375,-13.815510557964274,-1.8773108216633485,-1.0642079634042536,0.328
0.663,0.65,0.292,-5.195580289096925,-2.1803586107514312,-2.825129109714235,0.152
0.12,0.809,0.743,-13.815510557964274,-2.103726037561162,-2.2163982224831504,0.83
0.0328,0.654,0.758,-7.559760516210908,-1.9173158895054507,-2.087465648893489,0.648
0.656,0.873,0.479,-11.603944863357396,-1.6607259436776065,-1.5050733926154984,0.945
0.516,0.699,0.506,-11.829007011943707,-0.783069699906519,-3.119007865720024,0.512
0.624,0.58,0.0978,-13.815510557964274,-2.189247479155473,-1.102617298021992,0.389
0.876,0.717,0.797,-7.271598712399482,-2.481699797240534,-3.3022302602634124,0.849
0.0856,0.813,0.556,-13.815510557964274,-2.4464439161363067,-1.6398919652929187,0.298
0.0362,0.572,0.426,-13.815510557964274,-0.1684174681937107,-3.4867225908192108,0.197
0.96,0.42,0.223,-13.815510557964274,-2.207265822321952,-3.338194413883422,0.126
0.354,0.529,0.314,-7.735577362868684,-2.282772661824356,-3.076920637240832,0.288
0.407,0.718,0.357,-13.815510557964274,-2.41127336170751,-3.1303842938472166,0.347
0.777,0.777,0.491,-12.716898269296165,-2.292624861199793,-3.516574563706636,0.681
0.124,0.707,0.492,-10.16225828149349,-2.273016582061767,-1.1973249503544716,0.246
0.164,0.568,0.617,-13.815510557964274,-2.421357367786159,-1.6094329124466005,0.404
0.241,0.67,0.41,-11.558969403471636,-1.789755478559358,-3.267514750474761,0.46
0.256,0.776,0.579,-12.507177738314097,-1.4740289086252047,-1.362573928260204,0.596
0.17,0.461,0.552,-13.815510557964274,-1.9804943474743757,-1.0244301049824176,0.424
0.322,0.589,0.313,-13.815510557964274,-2.253785405060441,-1.9877670539105785,0.0905
0.126,0.864,0.498,-9.96749288251204,-2.16281445500452,-2.8234442177384103,0.225
0.308,0.627,0.446,-7.167822184400944,-2.1982160687013748,-3.405175283031379,0.11
0.568,0.565,0.707,-13.815510557964274,-0.9834968077743884,-3.332576579384368,0.401
0.177,0.866,0.438,-13.815510557964274,-2.5996308683987923,-2.6324651061460127,0.695
0.000727,0.577,0.751,-13.815510557964274,-2.282772661824356,-3.335381551631025,0.506
0.399,0.681,0.324,-10.629157924801634,-2.5849347414567045,-2.095562793561468,0.431
0.0869,0.559,0.88,-12.78232607461862,-1.3205028752705492,-2.8217621598490954,0.577
0.828,0.435,0.267,-13.815510557964274,-2.16281445500452,-3.499880242566741,0.356
0.0408,0.781,0.277,-7.986564940354067,-2.5849347414567045,-1.1208548301354715,0.302
0.436,0.67,0.475,-2.079433541711836,-2.1455727972123597,-0.9364908881745202,0.466
0.854,0.59,0.294,-13.815510557964274,-2.4383933614484627,-2.727217730116005,0.461
0.275,0.711,0.606,-11.14828235138232,-1.6713079970173983,-3.3022302602634124,0.616
0.573,0.391,0.415,-6.275951728663244,-1.4188134206025833,-3.2238632413792474,0.0789
0.816,0.789,0.59,-3.984539936267324,-2.2633547645023766,-2.5034658105092844,0.638
0.4,0.886,0.414,-8.25099015064158,-2.207265822321952,-1.5994826310981365,0.535
0.632,0.39,0.607,-8.721760357157512,-1.9804943474743757,-1.194019173148181,0.347
0.841,0.511,0.439,-10.343544105413912,-1.491650432343149,-1.5232556290476058,0.124
0.77,0.718,0.236,-5.304134251869602,-2.095562793561468,-2.253785405060441,0.43
0.318,0.622,0.446,-4.304991522207028,-2.4034999496982867,-1.5141231871855605,0.168
0.311,0.781,0.633,-11.702876048928674,-2.3392387039754574,-3.34952565888766,0.795
0.707,0.657,0.528,-8.746606355744042,-1.3318023879642071,-2.689704516985435,0.35
0.533,0.783,0.381,-13.815510557964274,-2.282772661824356,-2.5059137621852057,0.571
0.627,0.736,0.702,-9.04482593349861,-1.1744107658436735,-0.7402366916599348,0.414
0.372,0.659,0.444,-1.1177920499855842,-2.1803586107514312,-3.239053022307018,0.336
0.576,0.595,0.18,-9.973910016832674,-2.333033991253544,-2.7196016630819786,0.119
0.617,0.734,0.271,-11.979734203319444,-2.292624861199793,-0.9623320525779412,0.237
0.121,0.665,0.516,-6.488387265704981,-2.253785405060441,-2.745736492083544,0.494
0.0055,0.841,0.879,-6.1605935101159535,-2.292624861199793,-2.5996308683987923,0.458
0.441,0.825,0.548,-7.078543599962418,-1.7203638865648083,-2.514529094054656,0.792
0.767,0.713,0.244,-5.437349575243594,-2.292624861199793,-2.292624861199793,0.199
0.155,0.83,0.602,-13.815510557964274,-2.103726037561162,-2.686763381646672,0.714
0.697,0.673,0.753,-9.395465856102872,-1.7544579041542434,-2.4557246175444845,0.708
0.691,0.694,0.284,-4.772287909039774,-2.7287479288813272,-2.747295314553176,0.223
0.378,0.347,0.331,-13.815510557964274,-1.1907242881076416,-3.473735816952755,0.305
0.0454,0.654,0.353,-11.78736231067199,-1.0105986640964228,-1.6144454291446424,0.241
0.67,0.426,0.397,-13.815510557964274,-2.2163982224831504,-2.907703081380681,0.335
0.777,0.71,0.405,-8.715644130140076,-2.1982160687013748,-2.95841722117318,0.402
0.296,0.719,0.265,-2.447599304417486,-2.2256147926415246,-2.5849347414567045,0.273
0.439,0.431,0.464,-6.031869961743021,-2.017398631991657,-1.8325752137678413,0.386
0.00206,0.681,0.525,-13.815510557964274,-1.4784052640724024,-3.3902277684735687,0.183
0.201,0.805,0.731,-13.815510557964274,-1.8201527709292984,-1.491650432343149,0.326
0.594,0.691,0.381,-13.815510557964274,-2.2163982224831504,-1.4481655095278831,0.364
0.199,0.573,0.289,-11.37316352259507,-2.292624861199793,-2.3507149751976004,0.0393
0.816,0.539,0.407,-5.839258614218651,-2.079433541711836,-3.4172962762519044,0.346
0.277,0.82,0.447,-10.077840939680906,-2.8421360331141337,-2.465092257855142,0.661
0.0779,0.713,0.435,-13.815510557964274,-2.154156467223275,-0.8915956802623679,0.203
0.109,0.734,0.688,-3.897085133063939,-2.3025750930440454,-2.877042982004892,0.109
0.628,0.463,0.427,-7.476916479761091,-2.3957864978280625,-2.9022237156962944,0.231
0.203,0.68,0.53,-13.815510557964274,-2.16281445500452,-1.5654162423397775,0.398
0.607,0.523,0.521,-13.815510557964274,-2.23491709876951,-1.838844787473507,0.661
0.0839,0.597,0.496,-13.815510557964274,-2.1455727972123597,-2.5639368701997967,0.319
0.862,0.524,0.364,-9.390663926107464,-2.1455727972123597,-2.5010238366702926,0.339
0.59,0.616,0.649,-13.815510557964274,-1.951921179152152,-0.7721882234005762,0.751
0.0254,0.553,0.727,-4.482864061604124,-2.23491709876951,-3.358109156982385,0.286
0.399,0.748,0.465,-13.815510557964274,-1.224172110288696,-2.4429857392971392,0.412
0.143,0.762,0.433,-13.815510557964274,-2.1370621799761103,-1.676641314548266,0.394
0.239,0.772,0.61,-7.525794987055277,-2.087465648893489,-1.5798742558354064,0.747
0.173,0.689,0.545,-9.903487552536127,-1.0584276171950502,-3.27806865968102,0.509
0.136,0.58,0.541,-9.028018815182229,-1.0526804914543022,-3.2263789026893512,0.391
0.454,0.734,0.541,-7.067924031134958,-2.0249457806668865,-2.0325503222223347,0.501
0.077,0.63,0.753,-13.815510557964274,-1.5371125997025,-2.9336780858187184,0.568
0.0551,0.686,0.642,-10.229217692625438,-2.37299682773442,-3.291419636343913,0.62
0.28,0.616,0.655,-13.815510557964274,-1.9877670539105785,-2.380535823711383,0.547
0.728,0.476,0.592,-12.414327584350632,-2.16281445500452,-1.0876693812751277,0.578
0.441,0.661,0.413,-10.056638732030304,-2.17154805869629,-1.5232556290476058,0.276
0.49,0.623,0.558,-13.815510557964274,-1.7544579041542434,-3.085635099483308,0.455
0.136,0.636,0.452,-12.726948605149666,-2.2633547645023766,-3.414252226535956,0.0678
0.0211,0.584,0.703,-12.84473164080605,-0.6254866629289988,-2.4805043541267757,0.65
0.274,0.669,0.669,-13.815510557964274,-1.241325130668079,-2.465092257855142,0.546
0.000292,0.581,0.808,-5.10423194283384,-1.9038022616498036,-3.4899958090210035,0.489
0.493,0.475,0.347,-5.601857854934275,-1.8578928614967356,-2.9622781552950466,0.0839
0.308,0.807,0.37,-13.815510557964274,-1.6554766153471183,-3.0747538361070488,0.792
0.281,0.62,0.265,-11.399596779663224,-2.17154805869629,-3.366766969857648,0.169
0.401,0.655,0.525,-13.815510557964274,-2.389221994653769,-3.429565992462612,0.402
0.173,0.6,0.631,-13.815510557964274,-2.2256147926415246,-0.8486297469544717,0.332
0.565,0.442,0.528,-3.540424966831559,-2.3602036126664507,-2.878820728646489,0.233
0.513,0.628,0.712,-10.271656875900597,-2.16281445500452,-2.047935122712526,0.517
0.236,0.609,0.335,-13.815510557964274,-2.8217621598490954,-3.291419636343913,0.342
0.0412,0.657,0.374,-1.737265602141945,-1.4229541961224974,-3.015914572916489,0.478
0.0618,0.809,0.671,-9.40879131070002,-0.7571503783419689,-2.4805043541267757,0.651
0.604,0.556,0.437,-13.815510557964274,-1.604445395811059,-1.7259661107283046,0.112
0.254,0.622,0.582,-0.6124874325257426,-2.1119564689567367,-2.37085322716654,0.546
0.787,0.507,0.426,-13.815510557964274,-2.4135054805793894,-2.8017951065878077,0.353
0.719,0.502,0.399,-5.618247186549938,-0.4385034117999694,-3.523331117905813,0.124
0.291,0.822,0.669,-13.815510557964274,-2.189247479155473,-1.3902983664612367,0.288
0.0681,0.765,0.398,-11.566326241697343,-1.9661057135412,-3.2968103396761093,0.348
0.554,0.657,0.689,-13.087961950686996,-2.23491709876951,-1.4524298901292934,0.426
0.133,0.679,0.408,-5.392408289947632,-1.4696716222423063,-2.428136978165184,0.151
0.139,0.625,0.686,-13.815510557964274,-2.207265822321952,-3.1844502438532136,0.263
0.914,0.71,0.473,-1.795761466547353,-2.087465648893489,-3.405175283031379,0.447
0.824,0.392,0.473,-11.006107862601777,-2.1455727972123597,-2.1370621799761103,0.284
0.384,0.846,0.681,-11.399596779663224,-1.687394048513016,-1.9379350349858049,0.696
0.432,0.752,0.494,-13.815510557964274,-2.4429857392971392,-2.884173009893435,0.227
0.494,0.561,0.408,-12.186270018233994,-1.7602549882320966,-2.6186529226404827,0.263
0.0587,0.792,0.444,-13.815510557964274,-2.5652363986539184,-1.783785347215641,0.41
0.623,0.409,0.358,-13.083142664251048,-2.017398631991657,-1.0188745505699903,0.311
0.0128,0.728,0.727,-13.815510557964274,-2.428136978165184,-1.5798742558354064,0.89
0.55,0.662,0.403,-13.815510557964274,-1.7203638865648083,-1.4146897204237188,0.409
0.566,0.596,0.4,-8.306122221336297,-1.2378709077317007,-3.561330923167273,0.227
0.0759,0.546,0.698,-8.932708635377903,-2.791959122959327,-2.315660200881767,0.616
0.719,0.618,0.52,-4.448080970745316,-1.9241418079821888,-1.0023907061356387,0.698
0.419,0.661,0.587,-11.763954219773971,-2.2256147926415246,-1.6245464741149,0.18
0.26,0.475,0.631,-9.003326202591856,-2.692654328124254,-2.6009776518106684,0.384
0.014,0.622,0.671,-13.815510557964274,-1.1907242881076416,-3.64962028016182,0.572
0.193,0.55,0.578,-9.161550207806751,-2.4034999496982867,-3.324208563134045,0.0659
0.866,0.527,0.329,-13.815510557964274,-0.5208742761192257,-0.5225591936451927,0.688
0.246,0.778,0.41,-13.815510557964274,-2.1455727972123597,-3.105524818381745,0.357
0.0373,0.858,0.505,-13.815510557964274,-2.5345045400803654,-1.0642079634042536,0.595
0.62,0.619,0.613,-7.693017748449888,-2.1982160687013748,-1.2207765328175544,0.329
0.0102,0.579,0.787,-11.087657729565883,-2.981809644713634,-2.56784053288427,0.363
0.62,0.647,0.578,-7.074991198358051,-2.12025520290148,-2.047935122712526,0.373
0.146,0.517,0.663,-13.815510557964274,-1.133200627852489,-3.2833876796946546,0.146
0.798,0.463,0.381,-6.577732366040832,-2.2163982224831504,-3.476966733142544,0.256
0.464,0.721,0.368,-12.60356958398916,-2.047935122712526,-3.2968103396761093,0.298
0.899,0.354,0.497,-8.166536319803068,-1.737265602141945,-1.350923356286192,0.295
0.365,0.727,0.739,-6.592214878401959,-1.8263447028368391,-3.1917228268756963,0.533
0.893,0.767,0.512,-8.403864506109235,-2.273016582061767,-2.828507434239461,0.489
0.592,0.514,0.662,-13.815510557964274,-1.1394311581932477,-1.8773108216633485,0.675
0.7,0.759,0.413,-13.815510557964274,-1.9661057135412,-3.007784612078165,0.403
0.831,0.528,0.401,-6.382435209065694,-1.9661057135412,-2.3025750930440454,0.221
0.511,0.498,0.292,-10.819778284410283,-1.362573928260204,-3.473735816952755,0.348
0.406,0.576,0.36,-9.1711196588229,-1.8263447028368391,-3.346680787690707,0.166
0.0521,0.772,0.483,-7.88592141457438,-0.9755074390177504,-2.8752683901388534,0.479
0.834,0.72,0.415,-13.11737583589329,-2.4157425929540963,-1.0384555409935956,0.235
0.101,0.678,0.575,-11.47562968022653,-2.154156467223275,-2.095562793561468,0.367
0.041,0.67,0.721,-13.815510557964274,-2.718085385555343,-1.1809042740712548,0.787
0.077,0.75,0.95,-8.00736806798383,-1.8263447028368391,-1.6398919652929187,0.623
0.452,0.77,0.581,-13.815510557964274,-2.055717202593037,-2.3990849802196754,0.284
0.295,0.776,0.785,-7.120948499443179,-1.7778506469168065,-2.847295027205038,0.5
0.254,0.764,0.41,-13.097670764813955,-2.322777596281994,-0.855663757119312,0.219
0.136,0.86,0.783,-12.421744182005682,-1.870796183083097,-2.1455727972123597,0.96
0.0264,0.431,0.773,-13.815510557964274,-1.0555499256485732,-2.7551260854892297,0.504
0.541,0.381,0.683,-13.815510557964274,-1.9173158895054507,-2.2633547645023766,0.597
0.197,0.707,0.689,-13.815510557964274,-2.017398631991657,-2.1455727972123597,0.502
0.28,0.447,0.662,-3.641957701004532,-2.12025520290148,-0.7072440765439383,0.374
0.673,0.564,0.352,-8.449534542942423,-0.8007301640708707,-3.438868096683425,0.415
0.792,0.802,0.382,-1.8139989432248684,-2.547194904674852,-3.4673051333982805,0.581
0.818,0.713,0.221,-10.914088963881523,-2.365514243197364,-3.072591719851049,0.0494
0.425,0.622,0.304,-10.497694785241167,-2.017398631991657,-3.201502616810856,0.224
0.271,0.776,0.392,-12.64923962082235,-1.9661057135412,-1.5750316548105625,0.438
0.246,0.561,0.57,-13.815510557964274,-0.6014781672182681,-1.8201527709292984,0.326
0.484,0.754,0.367,-9.526421918949662,-1.8773108216633485,-2.3507149751976004,0.826
0.203,0.824,0.51,-5.944199354640868,-2.0249457806668865,-2.335097954174453,0.358
0.543,0.645,0.568,-1.3242552108090082,-1.3586753030439038,-2.497372020704645,0.391
0.671,0.85,0.223,-10.309953160977877,-2.392498859662847,-2.6521283848673485,0.468
0.34,0.736,0.816,-3.036533434957924,-2.3258434845712475,-3.0682814612437195,0.909
0.473,0.664,0.414,-10.312960682041831,-2.4034999496982867,-3.3022302602634124,0.246
0.35,0.619,0.303,-13.815510557964274,-1.5141231871855605,-2.0325503222223347,0.0768
0.389,0.644,0.337,-13.815510557964274,-1.8325752137678413,-1.698263661674772,0.206
0.729,0.778,0.465,-7.491151595582963,-2.23491709876951,-1.1457007515528166,0.386
0.345,0.761,0.565,-13.815510557964274,-2.4949448645028416,-3.1917228268756963,0.583
0.172,0.795,0.584,-10.384754374060574,-2.273016582061767,-3.228900908515289,0.785
0.661,0.51,0.331,-13.815510557964274,-2.095562793561468,-2.4135054805793894,0.225
0.416,0.599,0.431,-13.815510557964274,-2.2633547645023766,-3.186868566233221,0.387
0.0366,0.695,0.876,-2.4123887983492467,-0.0470905593163705,-3.170061851458401,0.863
0.444,0.655,0.458,-11.547516909739848,-1.5050733926154984,-1.3355974445302323,0.189
0.427,0.679,0.443,-13.815510557964274,-2.244306750952305,-1.8773108216633485,0.363
0.0463,0.688,0.637,-13.815510557964274,-0.8209782793451402,-3.101070567236505,0.259
0.339,0.512,0.469,-9.724504897007687,-2.1370621799761103,-3.1796310735423003,0.291
0.107,0.71,0.513,-2.17154805869629,-1.944903655739688,-3.372580770716277,0.593
0.00465,0.587,0.485,-3.8490012590119895,-2.244306750952305,-3.1605833321166843,0.206
0.015,0.589,0.458,-5.85309487784321,-2.369783147557523,-2.1370621799761103,0.0481
0.273,0.721,0.496,-13.815510557964274,-1.8515031042273624,-2.620025587610102,0.321
0.48,0.677,0.541,-13.815510557964274,-2.079433541711836,-2.8629336493386743,0.379
0.0418,0.838,0.629,-4.565853323611141,-2.3025750930440454,-2.556174965278057,0.83
0.637,0.645,0.379,-13.815510557964274,-2.0024730931637347,-3.105524818381745,0.583
0.116,0.64,0.659,-13.815510557964274,-0.4338630394211765,-3.0118413304871767,0.569
0.633,0.471,0.352,-10.46560647068967,-2.16281445500452,-3.241607236870293,0.102
0.608,0.604,0.372,-10.608707314330342,-2.306583074281344,-3.6729667356538873,0.437
0.289,0.797,0.266,-3.3022302602634124,-2.334065440221226,-3.1820377556502555,0.683
0.195,0.689,0.585,-6.945457146166149,-2.37299682773442,-1.7602549882320966,0.763
0.0264,0.722,0.59,-13.815510557964274,-2.5345045400803654,-3.1349713526459837,0.368
0.892,0.729,0.338,-8.125151103640214,-2.1370621799761103,-2.154156467223275,0.184
0.0182,0.634,0.792,-13.815510557964274,-0.2523136416140307,-1.807882753615553,0.225
0.12,0.591,0.546,-12.969642290386664,-2.3392387039754574,-1.8578928614967356,0.305
0.308,0.582,0.695,-11.88398914636106,-2.189247479155473,-2.327892644620676,0.543
0.0339,0.712,0.846,-7.86226722367649,-2.244306750952305,-2.9224632246265463,0.573
0.578,0.6,0.798,-13.815510557964274,-1.8838681792101333,-1.4872158549408794,0.636
0.463,0.597,0.617,-13.815510557964274,-0.4155139288112984,-1.2658446619510202,0.889
0.528,0.412,0.613,-12.730321289628304,-2.2633547645023766,-2.079433541711836,0.314
0.674,0.399,0.578,-13.815510557964274,-2.0249457806668865,-3.0878256328776903,0.433
0.211,0.537,0.598,-5.156644208231891,-1.9379350349858049,-1.4610135969802889,0.468
0.663,0.634,0.564,-8.334871634622283,-2.1982160687013748,-1.0244301049824176,0.637
0.769,0.746,0.376,-0.7657157228594588,-2.189247479155473,-3.2648935857017745,0.304
0.409,0.84,0.192,-11.86960040890896,-2.292624861199793,-2.9680976514573505,0.31
0.606,0.74,0.373,-13.815510557964274,-2.3602036126664507,-3.307679716543695,0.321
0.71,0.501,0.264,-13.815510557964274,-2.282772661824356,-3.1844502438532136,0.495
0.453,0.624,0.453,-6.911763300379676,-2.040213136248448,-3.299516628031858,0.272
0.0191,0.905,0.487,-8.765654550714737,-2.4745484813198204,-2.1286233825445717,0.813
0.731,0.557,0.358,-11.84979778161278,-1.8139989432248684,-3.414252226535956,0.201
0.532,0.744,0.428,-13.815510557964274,-1.8263447028368391,-2.361263484945081,0.378
0.477,0.602,0.5,-9.756793173385324,-1.2207765328175544,-1.2106584367776652,0.395
0.788,0.658,0.619,-2.707535333669197,-2.352815794238969,-2.561342868667425,0.354
0.424,0.782,0.385,-10.625034207617771,-2.309599637488263,-2.911372742936252,0.644
0.811,0.629,0.579,-5.610018944844038,-2.509596962381017,-2.23491709876951,0.363
0.0887,0.65,0.683,-13.815510557964274,-1.378322223224619,-1.1679591513739889,0.33
0.899,0.265,0.473,-2.5510336318619067,-1.4872158549408794,-3.107759406248196,0.143
0.787,0.61,0.399,-12.354572653848615,-0.9339431225868512,-0.650085775392521,0.38
0.266,0.645,0.658,-10.86060027893054,-2.055717202593037,-2.7287479288813272,0.53
0.624,0.54,0.572,-13.815510557964274,-1.9661057135412,-2.16281445500452,0.43
0.356,0.604,0.473,-12.723587257446962,-1.8139989432248684,-2.400186896563501,0.349
0.431,0.816,0.492,-2.4123887983492467,-2.307587584616837,-2.5875907502424185,0.765
0.611,0.667,0.409,-13.815510557964274,-2.253785405060441,-2.7519864147730373,0.29
0.0842,0.53,0.525,-10.719932949440569,-2.2163982224831504,-2.952653627188916,0.231
0.79,0.635,0.214,-6.839162487516526,-1.9173158895054507,-3.523331117905813,0.322
0.428,0.804,0.269,-5.621005048198633,-2.5446439154214096,-2.9642142268374454,0.369
0.447,0.883,0.492,-6.265375215475845,-2.055717202593037,-2.624154924113184,0.296
0.22,0.625,0.626,-13.815510557964274,-1.4784052640724024,-3.5301336338486875,0.281
0.512,0.674,0.616,-12.684108446473171,-1.1056338824616017,-3.604501541650108,0.551
0.593,0.712,0.469,-13.815510557964274,-2.079433541711836,-3.206428613816445,0.383
0.791,0.639,0.771,-13.815510557964274,-2.087465648893489,-1.8325752137678413,0.441
0.643,0.785,0.702,-13.815510557964274,-1.7429635907892351,-3.070434268258025,0.569
0.066,0.484,0.543,-4.755876803412795,-1.7602549882320966,-3.1820377556502555,0.534
0.56,0.6,0.578,-12.754254055839931,-1.8773108216633485,-3.275419721680068,0.171
0.246,0.468,0.52,-5.955711377402164,-2.5510336318619067,-3.414252226535956,0.46
0.512,0.493,0.709,-13.815510557964274,-2.4557246175444845,-2.23491709876951,0.399
0.174,0.478,0.555,-11.330603908176274,-2.273016582061767,-2.1982160687013748,0.139
0.478,0.745,0.318,-2.3025750930440454,-2.1803586107514312,-2.973951212492333,0.134
0.524,0.449,0.465,-13.11241304655116,-1.194019173148181,-2.537029762063409,0.543
0.368,0.778,0.574,-13.815510557964274,-2.0714654355542166,-3.4203496205067645,0.663
0.665,0.715,0.363,-13.815510557964274,-2.1982160687013748,-3.5065245645421914,0.507
0.0749,0.529,0.555,-8.403864506109235,-2.6227765831415657,-3.2163540073246915,0.582
0.0645,0.694,0.851,-13.815510557964274,-2.154156467223275,-2.688232868031808,0.424
0.345,0.593,0.294,-10.756803485248897,-1.248269578908029,-2.9977142363453035,0.152
0.281,0.311,0.497,-13.815510557964274,-0.9038657427428436,-3.272777782017566,0.213
0.482,0.484,0.405,-13.815510557964274,-1.9379350349858049,-2.41127336170751,0.219
0.00271,0.754,0.661,-10.71541826908604,-0.683194869510718,-2.835298516518065,0.545
0.852,0.562,0.346,-10.809827953557114,-2.680906935280369,-3.483460051629581,0.0671
0.455,0.644,0.74,-13.815510557964274,-2.3025750930440454,-3.432657089480448,0.718
0.0102,0.635,0.614,-10.65851013681416,-2.487698543498795,-2.694132503143224,0.631
0.866,0.512,0.184,-13.815510557964274,-1.25877751970037,-2.835298516518065,0.37
0.00368,0.718,0.64,-10.051987560854572,-1.0966112919979427,-2.828507434239461,0.189
0.178,0.554,0.613,-11.250561200502736,-1.290980544958541,-0.9493280019763656,0.611
0.275,0.517,0.598,-7.518401238030338,-1.287350790083145,-2.3025750930440454,0.528
0.0733,0.674,0.713,-1.9732741516327192,-1.7778506469168065,-3.326990128722648,0.71
0.259,0.389,0.507,-3.121272821049466,-1.951921179152152,-2.7789931871127758,0.364
0.758,0.711,0.592,-13.815510557964274,-1.8578928614967356,-1.4696716222423063,0.535
0.65,0.726,0.353,-6.21410822338054,-1.4961047628513475,-2.253785405060441,0.503
0.12,0.629,0.624,-13.815510557964274,-1.5945443738441083,-2.5969427308679167,0.73
0.444,0.691,0.388,-13.815510557964274,-2.2256147926415246,-2.0714654355542166,0.469
0.596,0.902,0.468,-5.217474978703936,-1.4354804036388171,-2.928054933666077,0.728
0.262,0.75,0.407,-4.690619147820574,-2.3623244817449134,-3.288735143040265,0.839
0.526,0.576,0.453,-12.493754717981954,-2.0024730931637347,-1.7147928725518031,0.172
0.14,0.688,0.634,-8.239561454817958,-1.3743618376932585,-2.3762208689576303,0.561
0.634,0.631,0.634,-13.815510557964274,-1.783785347215641,-2.16281445500452,0.479
0.352,0.745,0.728,-13.815510557964274,-1.4784052640724024,-3.1629445525474025,0.39
0.144,0.717,0.453,-13.815510557964274,-2.12025520290148,-2.9336780858187184,0.483
0.479,0.714,0.56,-13.815510557964274,-1.8515031042273624,-2.715059710413084,0.945
0.0895,0.488,0.62,-10.371892460418168,-2.103726037561162,-2.095562793561468,0.378
0.766,0.581,0.446,-13.815510557964274,-1.783785347215641,-3.516574563706636,0.395
0.513,0.646,0.695,-4.9293779397893225,-1.870796183083097,-2.90953622885742,0.514
0.963,0.643,0.17,-10.265893171183846,-2.23491709876951,-3.24673532174728,0.337
0.415,0.452,0.317,-11.042921835724492,-1.6928140866053112,-3.040708719201465,0.272
0.778,0.567,0.436,-13.815510557964274,-1.6713079970173983,-2.8629336493386743,0.252
0.891,0.707,0.484,-5.6719931521667935,-1.362573928260204,-3.034452312065741,0.43
0.173,0.753,0.868,-13.815510557964274,-1.3167645671349584,-2.333033991253544,0.709
0.105,0.744,0.435,-9.820986331024384,-2.189247479155473,-1.4064929868130869,0.16
0.111,0.843,0.478,-1.532472241679059,-2.407934497602489,-3.049111953457232,0.539
0.071,0.48,0.526,-13.815510557964274,-2.431544097791441,-1.290980544958541,0.374
0.66,0.717,0.281,-12.085626492454306,-2.1803586107514312,-1.546458418448052,0.387
0.415,0.814,0.53,-5.54396218320876,-1.687394048513016,-2.831897210540027,0.745
0.633,0.559,0.593,-13.815510557964274,-3.072591719851049,-1.224172110288696,0.585
0.59,0.637,0.512,-7.673473152376918,-2.642248415719016,-2.3248204770447645,0.33
0.086,0.733,0.613,-6.70808508385357,-2.3870433682868795,-2.878820728646489,0.577
0.0765,0.596,0.552,-1.0966112919979427,-2.2633547645023766,-2.333033991253544,0.112
0.434,0.808,0.52,-13.815510557964274,-1.7429635907892351,-2.721120243197958,0.372
0.249,0.911,0.257,-9.758521782285944,-1.1270086767748175,-1.0555499256485732,0.193
0.566,0.858,0.435,-2.4157425929540963,-2.244306750952305,-2.154156467223275,0.824
0.25,0.555,0.507,-13.815510557964274,-1.262304847776238,-1.789755478559358,0.339
0.397,0.544,0.608,-13.815510557964274,-1.9661057135412,-3.366766969857648,0.396
0.0496,0.753,0.708,-4.398074719095489,-2.4395394802430506,-1.50057902322714,0.434
0.24,0.661,0.604,-13.815510557964274,-2.154156467223275,-2.956492329816388,0.64
0.695,0.532,0.537,-13.815510557964274,-2.047935122712526,-0.9519153188470868,0.338
0.275,0.695,0.84,-6.424712036228598,-2.2633547645023766,-1.995093040331941,0.862
0.143,0.822,0.627,-13.815510557964274,-1.9241418079821888,-2.0714654355542166,0.5
0.888,0.516,0.248,-8.831903936255937,-2.282772661824356,-2.95841722117318,0.348
0.0291,0.897,0.753,-13.815510557964274,-0.5361417223500322,-1.241325130668079,0.785
0.0825,0.479,0.649,-13.815510557964274,-2.1455727972123597,-1.2344285753904325,0.129
0.0699,0.442,0.517,-13.815510557964274,-2.17154805869629,-2.9040468370194805,0.2
0.373,0.722,0.282,-5.190180707943458,-1.9173158895054507,-2.244306750952305,0.217
0.211,0.77,0.68,-6.886972739799608,-2.17154805869629,-2.8507492024154044,0.37
0.0195,0.63,0.198,-6.132567388085982,-2.365514243197364,-3.083449354039222,0.648
0.00181,0.565,0.726,-12.414327584350632,-2.273016582061767,-2.9040468370194805,0.715
0.0459,0.646,0.429,-13.815510557964274,-2.292624861199793,-0.7852602764876995,0.377
0.344,0.634,0.424,-11.32230510536158,-0.8164431344635594,-3.0098109141635505,0.376
0.00792,0.791,0.581,-13.815510557964274,-1.9589882964305367,-2.538294768367382,0.13
0.348,0.619,0.299,-13.815510557964274,-1.8515031042273624,-3.56485813926819,0.369
0.215,0.682,0.345,-13.815510557964274,-2.312625327888461,-1.3093296162869172,0.667
0.719,0.62,0.38,-13.815510557964274,-2.2256147926415246,-3.259671778060868,0.793
0.634,0.383,0.411,-4.16685074100898,-2.087465648893489,-2.3454821556464407,0.165
0.0436,0.534,0.576,-13.815510557964274,-2.23491709876951,-1.0469662065174807,0.328
0.595,0.848,0.449,-9.64266293425423,-1.8018037444938613,-3.307679716543695,0.655
